{"cameraMode":{"drawMode":0,"name":"Shaded","section":"Shading Mode"},"sceneLighting":true,"audioPlay":false,"sceneViewState":{"m_AlwaysRefresh":false,"showFog":true,"showSkybox":true,"showFlares":true,"showImageEffects":true,"showParticleSystems":true,"showVisualEffectGraphs":true,"m_FxEnabled":true},"in2DMode":false,"pivot":{"x":62.026180267333987,"y":-1.7926139831542969,"z":3.3602495193481447},"rotation":{"x":-0.2475617676973343,"y":0.06881522387266159,"z":-0.01763017475605011,"w":-0.9662676453590393},"size":1.1490259170532227,"orthographic":false}